,Model 1,Model 2
ROC AUC,0.6542570807697206,0.6212710494554697
Accuracy,0.960308570734374,0.9552693919698718
F1 Score,0.9425857568809598,0.9411906356473216
