subreddit,average_toxic_score
ASRoma,1.1267818746515887
borussiadortmund,1.171256739941933
Gunners,1.1372806256533092
Barca,1.1266218043982834
Juve,1.1633293770818178
fcbayern,1.1223678172640597
atletico,1.1726242371403661
reddevils,1.1646032335011927
psg,1.1139344444197865
chelseafc,1.1103071802086935
realmadrid,1.1529289352453995
ACMilan,1.150823539443205
schalke04,1.0956816257408974
