day_of_week,average_toxic_score
1,1.2595114127709335
2,1.1191148512636995
3,1.1553590131502385
4,1.1968508954322892
5,1.2046692704578368
6,1.126857689
7,1.2489062205376393
